ID,Webová stránka,Pôvodný názov firmy,Skrátený názov,Meno Decision Makera,Priezvisko/Oslovenie (variable),AI Pochvala (Icebreaker),Poznámka pre kontrolu
52105c77-3f9f-42f2-b04c-581357fd8043,https://www.autograc.sk/,"Autográč - Online Svet Vozidiel - Servis a Predaj Jazdených Áut","Autográč","","","Naozaj ma zaujalo, že vaša rodinná firma pôsobí úspešne už od roku 1999 a stále inovuje, napríklad otvorením vlastnej kaviarne pre zákazníkov – v dnešnej dobe je takýto dôraz na komfort a dlhodobé vzťahy naozaj výnimočný.","No specific decision maker (Owner, CEO, Founder) name found on the website. The website mentions 'rodinný svet firmy Autográč' and a customer review mentions 'majiteľ', but no name is provided."
4dcbdd73-a41e-4961-a0bc-308a3b9b480f,https://www.magpiegarage.sk/kontakt/,"Kontakt | Magpie Garage | Autoservis Pezinok","Magpie Garage","","","Naozaj ma zaujalo, že v Magpie Garage ponúkate špičkovú starostlivosť v profesionálnom autoservise a motoservise – v dnešnej dobe je takýto dôraz na kvalitu a spokojnosť zákazníkov mimoriadne dôležitý.","Decision maker's name not found on the provided contact page content."
b35917fa-1a52-489c-8779-3426d41cfb2f,https://bpcauto.sk/,"Autoservis Pezinok | BPC Auto – Renault, Dacia, servis","BPC Auto","","","Naozaj ma zaujalo, že sa môžete pochváliť viac ako 15 rokmi skúseností v autoservise – v dnešnej dobe je takáto dlhoročná odbornosť a stabilita naozaj cenná.","Decision maker's name (Owner/CEO/Founder) is not available on the provided website content. Only a phone number for 'Vedenie' is listed."
ff12bddd-8387-4e55-bdf7-863768c7d34e,https://autoservisjkm.sk/,"Autoservis JKM – Pezinok, Bratislava","Autoservis JKM","","","Naozaj ma zaujalo, že ste rodinný autoservis s dlhoročnými skúsenosťami, ktorý ponúka kompletné riešenie poistných udalostí vrátane náhradného vozidla zdarma – v dnešnej dobe je takýto proklientský a komplexný prístup skutočne cenný.","No specific decision maker (Owner, CEO, Founder) name found on the website content provided. The company mentions being a 'rodinný autoservis' (family auto service), but no individual names are listed."
36aae3e9-f8a7-47b3-b212-be1b5ff6a362,https://www.autoservis-grancic.sk/,"Autoservis Pezinok - Autoservis Grančič","Grančič","","","Naozaj ma zaujalo, že ste sa v roku 2006 začínali v malej prevádzke a dnes ponúkate takú komplexnú škálu služieb vrátane špecializácie na transportné chladenie – v dnešnej dobe je takáto evolúcia a zameranie na komplexnosť naozaj obdivuhodné.","Owner/CEO/Founder not explicitly named on the website. Only operational contacts (Peter Kľúčik, Jozef Slezák) are listed. Company GXB, s.r.o. is mentioned as the legal entity."
23511016-72b0-4253-8612-3be67fec9d92,https://autoservis-petrolhead.sk/,"Autoservis Petrolhead - Spoľahlivý autoservis Pezinok","Petrolhead","","","Naozaj ma zaujalo, že zákazníci oceňujú vašu transparentnosť a čestnosť pri servise – v dnešnej dobe je takýto prístup skutočne cenný.","Only first names (Clara, Peťo) are provided for key personnel; full names and last names are not available on the website."
90c483af-4c7d-4fd8-8d37-ae7cb68c8b12,http://jrservis.sk/,"Autoservis J.R.SERVIS","JR Servis","","","Naozaj ma zaujalo, že JR Servis úspešne pôsobí už od roku 1999 a ponúka tak široké spektrum autoservisných služieb – v dnešnej dobe je takáto dlhoročná tradícia a komplexnosť skutočne cenná.","Decision maker's name not found on the website content provided."
125b7c49-1c22-4781-a54e-7582b5f4f4f8,https://wexim.sk/,"WEXIM Rožňava – Viac než len autoservis.","WEXIM","","","Naozaj ma zaujalo, že spolupracujete s VW Group a zároveň dosahujete 98% spokojnosť zákazníkov – v dnešnej dobe je to jasný signál mimoriadnej kvality a dôvery.","No specific decision maker (Owner, CEO, Founder) identified on the website content provided."
bf561f1e-e35f-46bb-bb1f-5df6da990c8b,https://citroenroznava.sk/autoservis-roznava/,"Autoservis Rožňava | Kontrola vozidla od 20 eur | Odťahová služba","Autostop RV","","","Naozaj ma zaujalo, že v Autostop RV venujete vozidlám tú najlepšiu starostlivosť a ponúkate tak široké spektrum služieb – v dnešnej dobe je takýto komplexný prístup naozaj cenný.","No specific decision maker (Owner, CEO, Founder) found on the provided website content."
45f01447-68fd-4526-8d48-aac26e542b04,https://www.adresarfiriem.sk/autoservisy/snina/,"Autoservisy Snina","AutoFer Team","","","Naozaj ma zaujalo, že v AutoFer Team opravujete aj diely, ktoré sa bežne vymieňajú za nové – v dnešnej dobe je takýto prístup k úsporám a odbornosti naozaj cenný.","No specific decision maker (owner, CEO, founder) was mentioned on the website content provided. The text refers to 'Náš profesionálny tím' and 'Naši odborníci'."
7ed22b26-9dd0-408d-820f-d354c40c84dd,https://www.kame.sk/autoservis/,"Prečo si vybrať práve servis Premio?","Kame","Miro Matovic"," pán Matovic","Naozaj ma zaujalo, že sa váš servis vždy snaží o 100% spokojnosť zákazníka – v dnešnej dobe je takýto záväzok voči klientom naozaj cenný.","Decision maker identified from email address, not explicitly stated as owner/CEO."
d154be6d-2692-4ef3-a048-ea191a31de9e,https://www.autoservisliptak.eu/,"Autoservis Lipták","Lipták","","","Naozaj ma zaujalo, že vaša spoločnosť nesie rodinné meno Lipták, čo v dnešnej dobe symbolizuje stabilitu a osobnú zodpovednosť.","No specific decision maker (owner/CEO) name found on the website. The company name 'Autoservis Lipták' suggests a family name, but no individual is identified."
f36acf48-570a-4d73-93d6-4bbd001381a5,https://www.europautopneu.sk/,"Najmodernejší autoservis a pneuservis v Brezne | Europ Auto ...","Europ Auto Pneu","","","Naozaj ma zaujalo, že ste za viac ako 20 rokov pôsobenia pomohli už 900+ zákazníkom – v dnešnej dobe je to skutočne dôkaz dôvery a dlhodobej kvality.","No specific decision maker (Owner, CEO, Founder) name found on the provided website content."
bf038968-7d8d-4a9b-871d-6a654aa908ff,http://mpmautoservis.sk/,"MPM Autoservis – Autoservis, výkup a predaj ojazdených vozidiel","MPM Autoservis","","","Naozaj ma zaujalo, že ponúkate výkup vozidiel do 24 hodín v hotovosti – v dnešnej dobe je efektivita a transparentnosť naozaj cenná.","Decision maker's name (Owner/CEO/Founder) not found on the provided website content."
523a0b37-58f5-4d39-8e94-7ebd4e6dd308,http://www.mdmautoservis.sk/,"MDM Autoservis – 30 rokov spoľahlivo a kvalitne","MDM Autoservis","ĎUROVEC"," pán ĎUROVEC","Naozaj ma zaujalo, že MDM Autoservis už 30 rokov spoľahlivo a kvalitne poskytuje svoje služby – v dnešnej dobe je takáto dlhoročná tradícia a dôveryhodnosť mimoriadne cenná.","Only the surname 'ĎUROVEC' is available, strongly associated with the company in the contact section, suggesting ownership/leadership. No first name found."
bcad692c-771c-4a51-8f25-a452df2bd3ac,https://www.autoskloservis.net/sk/,"Úvod | Autosklo Servis | Púchov<br /> <b>Deprecated</b>: Constant ...","Autosklo Servis","","","Naozaj ma zaujalo, že sa snažíte primárne opravovať poškodené autosklá, a až keď je to nevyhnutné, ich vymieňať – v dnešnej dobe je takýto prístup k zákazníkovi a udržateľnosti naozaj obdivuhodný.","Decision maker's name not found on the provided website content."
a5062fee-d55b-48ec-b439-2f38bed6a278,https://www.pamipaservis.sk/,"Pamipa Autoservis: Autoservis Púchov","Pamipa autoservis","","","Naozaj ma zaujalo, že ako prví v regióne ste sa začali venovať preplachom automatických prevodoviek a zároveň ponúkate náhradné vozidlo zdarma – v dnešnej dobe je takýto komplexný a proklientsky prístup naozaj výnimočný.","No specific decision maker's name (owner, CEO, founder) found on the provided website content."
472320da-8fce-4184-8d01-29ac0280f61e,https://www.car-advisor.sk/spolocnost/s-autoservis-vranov-nad-toplou/SK-8437,"Š - AUTOSERVIS Vranov nad Topľou - car.advisor","S-Autoservis","","","Naozaj ma zaujalo, že S-Autoservis dosahuje výnimočnú celkovú spokojnosť zákazníkov (4.8/5 z 42 hodnotení) a opakovane zbiera pochvaly za profesionalitu a ústretovosť tímu – v dnešnej dobe je takýto osobný prístup a dôvera skutočne cenné.","No owner, CEO, or founder was explicitly mentioned on the provided page. 'Pán Bartko' and 'pán Mikloš' are identified as a reception technician and service staff, respectively, not decision-makers."
f949c14d-db9d-4b49-949e-691e246a5e67,https://s-autoservis-vranov-s-r-o.autobazar.sk/,"Š-Autoservis Vranov,s.r.o. | Autobazar.sk","Š-Autoservis","","","Naozaj ma zaujalo, že máte v ponuke taký široký a rozmanitý výber vozidiel – v dnešnej dobe je takáto komplexnosť a flexibilita pre zákazníkov veľmi cenná.","Decision maker's name not found on the provided Autobazar.sk page. The content lists vehicle advertisements and company name only."
48195903-45b2-4e00-a80c-7ba92776dd8a,https://autokellyvranov.sk/,"Autoservis Vranov - Autoservis AUTO KELLY","Auto Kelly Vranov","","","Naozaj ma zaujalo, že ponúkate autosúčiastky do 24 hodín – v dnešnej dobe je takáto rýchlosť a spoľahlivosť kľúčová pre spokojnosť zákazníkov.","No specific decision maker (Owner, CEO, Founder) name was found on the provided website content. The legal entity 'Rbpp trading s.r.o.' is mentioned, but no individual's name is associated with it."
2c0eaa13-d0aa-4f9a-b0f7-176fa0045201,https://skautoservis.sk/,"ŠK AUTOSERVIS - NON STOP Odťahová a Asistenčná služba ...","ŠK Autoservis","","","Naozaj ma zaujalo, že ste ako jediní v Trebišove zazmluvnení so všetkými poisťovňami pre odťahovú a asistenčnú službu – v dnešnej dobe je takáto komplexnosť a spoľahlivosť obrovská hodnota pre zákazníkov.","No specific decision maker (owner, CEO, founder) is mentioned on the provided website content."
d1edea7c-39b4-4f8c-848e-b98255f57f32,https://www.aumotv.sk/,"Autoservis Trebišov - Vrátime vášmu autu jeho pôvodnú formu","AUMO","","","Naozaj ma zaujalo, že v AUMO hovoríte jasne a na rovinu, bez skrytých poplatkov, a každý krok vopred konzultujete – v dnešnej dobe je takáto transparentnosť a férovosť kľúčová pre dôveru zákazníkov.","No specific individual decision maker (owner, CEO, founder) was identified on the website. The company is AUMO, s.r.o."
87416eb0-7a5f-42a2-98d5-1bbbe25c6e45,https://rr.q-service.sk/,"Úvod | Q-SERVICE ® RR AUTOSERVIS","RR Autoservis","","","Naozaj ma zaujalo, že RR Autoservis má viac ako 15 ročnú tradíciu – v dnešnej dobe je takáto stabilita a skúsenosť na trhu naozaj obdivuhodná.","No specific decision maker (Owner, CEO, Founder) found on the provided website content."
c0839cc0-972d-4fba-bdb0-29fd8e3c3042,https://autobober.sk/,"Autobober – autoservis a pneuservis","Autobober","","","Naozaj ma zaujalo, že ponúkate non-stop servis 24/7 – v dnešnej dobe je takáto dostupnosť a ochota pomôcť ihneď naozaj cenná.","No specific decision maker's name (owner, CEO, founder) was found on the provided website content."
1d1a50be-f2fb-49be-887c-c4c7816b3633,https://cekoss-pneu.sk/,"CEKOSS spol. s r.o. - Dunajská Streda","CEKOSS","","","Naozaj ma zaujalo, že CEKOSS prevádzkuje najmodernejší pneuservis v okrese Dunajská Streda a používa špičkovú technológiu CORGHI, ktorá je dodávateľom aj pre FERRARI – v dnešnej dobe je takýto záväzok k špičkovej kvalite a inováciám naozaj obdivuhodný.","No specific decision maker (Owner, CEO, Doctor, Founder) was identified by name in the provided website content."
5551155e-5e52-4676-b684-b6c974f81c01,https://www.hyundai.com/sk/sk/stranky-dealerov/behr-dunajska-streda.html,"AUTOSERVIS BÉHR & BÉHR, Dunajská Streda","Béhr & Béhr","","","Naozaj ma zaujalo, že ako autorizovaný predajca a servis Hyundai ponúkate tak komplexné služby, vrátane programu Hyundai Promise pre jazdené vozidlá – v dnešnej dobe je takýto dôraz na dôveru a kvalitu mimoriadne dôležitý.","No specific decision maker (owner, CEO, director) name was found on the provided website content."
c0e53a04-db03-4719-80ff-48ce93fbbce6,https://www.danybox.sk/,"Pneuservis a autoservis Šaľa | Danybox s.r.o.","Danybox","","","Naozaj ma zaujalo, že máte skúsený tím mechanikov s dlhoročnou praxou v autoritovaných zahraničných servisoch – v dnešnej dobe je takáto odbornosť a skúsenosti skutočne vzácne.","Decision maker's name (Owner, CEO, Founder) not found on the website content provided."
568bb890-6e78-4bd4-b2b8-6927f89d62c6,https://autoservis.szm.sk/,"Autoservis u OLIVERA","Autoservis u Olivera","Oliver","","Naozaj ma zaujalo, že váš autoservis nesie osobné meno Olivera – v dnešnej dobe je takýto osobný prístup a dôvera k zákazníkom veľmi cenná.","Decision maker's first name (Oliver) is inferred from the company name 'Autoservis u OLIVERA'. Last name and further business details are not available as no website content was provided for analysis."
208952de-7e4f-4869-ab97-97b6414b8bae,https://autoservisth.sk/,"Autoservis TH - Spoľahlivý autoservis v Šali | Mechanické práce, STK ...","Autoservis TH","","","Naozaj ma zaujalo, že máte za sebou už 15+ rokov skúseností a viac ako 8000 spokojných zákazníkov – v dnešnej dobe je takáto dlhodobá dôvera a kvalita naozaj obdivuhodná.","No specific decision maker (Owner, CEO, Founder) name was found on the provided website content. The 'O NÁS' section refers to a 'tím skúsených odborníkov'."
5a2c88ce-3760-4210-b8e0-1f2ef8ace41e,https://www.cartechsala.sk/,"Bosch Car Service, Autoservis, Pneuservis: C A R T E CH, spol. s ...","CARTECH","","","Naozaj ma zaujalo, že ponúkate 24-hodinovú samoobslužnú autoumyváreň – v dnešnej dobe je takýto dôraz na pohodlie a dostupnosť pre zákazníka naozaj cenný.","No specific decision maker (Owner, CEO, Founder) name found on the website."
ab9080f0-af2d-4de3-a458-0ab3ae5494b0,https://pneuservis-alpex.sk/,"Autoservis Šala | ALPEX","ALPEX","Ing. Ladislav Polák"," pán Polák","Naozaj ma zaujalo, že spoločnosť ALPEX pôsobí v Šali už viac ako dve desaťročia – v dnešnej dobe je to dôkazom stability a spoľahlivosti.","Decision maker name (Ing. Ladislav Polák, konateľ) found via Finstat search using IČO 31449581, not directly on the provided website content."
be65641f-19a9-4f57-b015-7e97b2270c49,https://www.maxxx.sk/,"MAXX Autoservis - Pneuservis","MAXXX","František Iváni"," pán Iváni","Naozaj ma zaujalo, že zákazníkom ponúkate online rezerváciu termínu, vďaka ktorej sa môžu prezuť bez čakania – v dnešnej dobe je takáto úspora času a pohodlie pre klientov naozaj kľúčová hodnota.","Multiple 'Konatelia' listed (František Iváni, Marian Kuvik, Attila Juhász). Picked the first one as the primary contact, as seniority is not specified."
76f6af8b-1117-40ed-b5b5-0041fa72de5f,https://autoservismolnar.sk/,"Autoservis Molnár","Molnár","","","Naozaj ma zaujalo, že ponúkate komplexnú jarnú prípravu vozidla za akciovú cenu – v dnešnej dobe je takáto transparentná ponuka a snaha uľahčiť zákazníkom údržbu vozidla naozaj cenná.","No specific decision maker (owner, CEO, founder) could be identified from the provided website content. The company name 'Molnár' is a surname, but no individual named Molnár is mentioned as the decision maker."
ba0215cf-bd18-4e98-92ea-4acd1a1f108a,http://www.autotraders.sk/,"AUTOTRADE R.S., s.r.o. Rimavská Sobota | Bosch Car Service ...","Autotrade R.S.","","","Naozaj ma zaujalo, že ponúkate non-stop medzinárodnú odťahovú a vyprosťovaciu službu pre vozidlá do hmotnosti 16 ton – v dnešnej dobe je takáto komplexná a nepretržitá podpora pre zákazníkov mimoriadne cenná.","No specific decision maker (owner, CEO, founder) could be identified from the provided website content."
843b86a6-8185-4270-aed3-56ce17f4da89,https://autosluzby.q-service.sk/o-servise/,"O servise - Q-SERVICE ® AUTOSLUŽBY servis, s.r.o.","Autoslužby","","","Naozaj ma zaujalo, že aktívne vzdelávate svojich zákazníkov užitočnými článkami na blogu – v dnešnej dobe je takýto proaktívny prístup k službám veľmi cenný.","No specific decision maker (owner, CEO, founder) could be identified from the provided 'O servise' content."
000d00b9-8aef-45e0-a9dc-32adeb55e7bf,http://www.jp-pneuservis.sk/,"Pneuservis Dubnica | Pneuservis Dubnica","JP-Pneuservis","","","Naozaj ma zaujalo, že prijímate telefonické objednávky 24 hodín denne – v dnešnej dobe je takáto flexibilita a dostupnosť pre zákazníka naozaj cenná.","No decision maker's name (owner, CEO, founder) found on the website."
7afa0c66-a481-4fd9-8d12-5ee52de8a5ca,https://pitstopservis.sk/,"autoservis, pneuservis, autoumyvaren, dubnica nad vahom","PitStop Servis","","","Naozaj ma zaujalo, že ponúkate všetky služby pod jednou strechou – v dnešnej dobe je takáto komplexnosť a pohodlie pre zákazníka naozaj cenné.","Decision maker's name not found in the provided website content."
cee96288-73a0-4e4b-a45f-b24948a44135,https://www.autoservis-dubnica.sk/,"Autoservis M+M | Dubnica nad Váhom","Autoservis M+M","","","Naozaj ma zaujalo, že máte viac ako 10 rokov skúseností v odbore – v dnešnej dobe je to skutočne znak stability a dôveryhodnosti.","Decision maker's name not found on the provided website content."
111af967-fec4-4ba6-aac0-eee0122e5ee0,https://www.wdtrading.sk/,"WD Trading – autoservis Dubnica nad Váhom","WD Trading","Jozef Ďuračka"," pán Ďuračka","Naozaj ma zaujalo, že WD Trading má už viac ako 19 rokov skúseností v oblasti autoservisu – v dnešnej dobe je takáto dlhoročná stabilita a preukázaná odbornosť mimoriadne cenná.","Two 'Konatelia' listed: Jozef Ďuračka and Brian William Wall. Jozef Ďuračka was chosen as the likely primary local contact for a Slovak business."
50ef104b-ec17-41de-86fd-ffef09bec5cc,https://www.kovox.sk/kontakt,"Autoservis VW, Audi, Škoda a SEAT - Autoservis Čadca, Turzovka","KOVOX","","","Naozaj ma zaujalo, že ste špecializovaný nezávislý autoservis pre vozidlá VW, Audi, Škoda a SEAT, vybavený najmodernejšou technikou – v dnešnej dobe je takáto precíznosť a odbornosť naozaj cenná.","No specific decision maker (owner, CEO, founder) name found on the website."
abcfb298-bbdd-49ad-bfd2-515841200506,https://www.kiacadca.sk/servis/,"Autoservis","Kia Čadca","","","Naozaj ma zaujalo, že s vozidlom zákazníka sa u vás zaobchádza s rovnakou pozornosťou, ako keď bolo nové – v dnešnej dobe je takýto prístup k detailom a zákazníckej spokojnosti naozaj vzácny.","No specific decision maker (owner, CEO, founder) could be identified on the provided page content."
3cc5e341-d89c-4810-9d4f-f82141827c5c,https://www.auto-rs.sk/,"Autoservis, pneuservis Čadca, Svrčinovec - RS AUTO s.r.o","Autoservis SPIŠIAK","Pán/Pani SPIŠIAK"," pán SPIŠIAK","Naozaj ma zaujalo, že zabezpečujete kompletný servis pre osobné aj nákladné automobily s využitím moderných diagnostických zariadení – v dnešnej dobe je takýto komplexný a precízny prístup naozaj cenný.","Decision maker's first name and gender could not be identified from the provided content. 'SPIŠIAK' is used in the business name, suggesting it's the owner's last name."
c59dd721-9486-48d3-9824-7a22fe5b05d4,https://arenatech.sk/,"Autoservis – pneuservis – Autoservis","Arenatech","","","Naozaj ma zaujalo, že po dohode so zákazníkom ste schopní pracovať až do ukončenia opravy vozidla – v dnešnej dobe je takáto flexibilita a odhodlanie dokončiť prácu naozaj cenné.","No specific decision maker (owner, CEO, founder) identified on the provided website content."
de753e21-d4fa-44cd-9864-97fd853853b1,https://www.bestdrive.sk/branches/top_pneuservis_spolsro-luenec-jiraskovacesta.html,"TOP PNEUSERVIS spol. s r.o., Lučenec, Jiráskova cesta","TOP PNEUSERVIS","","","Naozaj ma zaujalo, že kladiete veľký dôraz na neustále zvyšovanie kvalifikovanosti všetkých členov tímu a ich vzdelávanie – v dnešnej dobe je takýto záväzok k excelentnosti a rozvoju skutočne obdivuhodný.","No specific decision maker (Owner, CEO, Founder, Doctor) was identified on the provided website content for TOP PNEUSERVIS spol. s r.o. The page describes the branch as a franchise partner of BestDrive."
dd185dcc-2068-4a7a-af7e-4122f71c65a5,https://www.pneumarsro.sk/,"PneuMar | Kvalitný autoservis a pneuservis Lučenec","PneuMar","","","Naozaj ma zaujalo, že máte viac ako 10 rokov skúseností na trhu a dosahujete 93% spokojnosť zákazníkov – v dnešnej dobe je to impozantný dôkaz kvality a spoľahlivosti.","No specific decision maker (owner, CEO, founder) name found on the provided website content."
a89f1659-682a-411d-a9a9-b0bd52ca565a,https://www.autoservis-kovarce.sk/,"Autoservis - Pneuservis | Kovarce - Topoľčany","Autoservis Kovarce","","","Naozaj ma zaujalo, že v Autoservis Kovarce poskytujete školenia a certifikácie pre montážne pracoviská – v dnešnej dobe je vidieť takúto úroveň odbornosti a zdieľania know-how naozaj cenné.","No decision maker name found on the website."
30f37c3c-8a34-4c14-8b37-3de963f780c7,https://autokomplettm.sk/,"Autokomplettm: Úvod","Autokomplet TM","","","Naozaj ma zaujalo, že vám dôveruje už viac ako 1000 klientov – v dnešnej dobe je takáto spokojnosť zákazníkov a preukázaná kvalita naozaj cenná.","No specific decision maker (owner, CEO, founder) name found on the website content."
ed4f1d5e-25bc-4485-963b-2f9c0384d29a,https://www.autoservisjakub.sk/,"Autoservis JAKUB - AUTOSERVIS JAKUB, spol. s r.o.","Autoservis Jakub","","","Naozaj ma zaujalo, že ste autorizovaným predajcom a servisom vozidiel ŠKODA, no zároveň ponúkate servis aj pre vozidlá iných značiek – v dnešnej dobe je takýto komplexný prístup k zákazníkovi naozaj cenný.","No specific decision maker (Owner, CEO, Founder) name found on the provided website content."
6a0dfabc-5125-49f2-b129-8dd2c6e7369f,https://motortech.sk/,"MotorTECH - Viac než autoservis | Ružomberok","MotorTECH","","","Naozaj ma zaujalo, že v MotorTECH ponúkate takú širokú škálu špecializovaných služieb, od dekarbonizácie až po chip tunning a montáž systémov Webasto a Jablotron – v dnešnej dobe je takýto komplexný prístup k starostlivosti o vozidlá skutočne cenný.","Decision maker's name not found on the provided website content."
7f56bee7-b85d-4efc-bf86-a68d6ce153e3,https://autocentrumabc.sk/,"AutoCentrum ABC Ružomberok: Komplexná starostlivosť o vaše ...","Autocentrum ABC","","","Naozaj ma zaujalo, že v Autocentrum ABC ponúkate komplexnú starostlivosť o vozidlo 'na kľúč a bez starostí', vrátane 24/7 pomoci a 20 náhradných vozidiel – v dnešnej dobe je takýto prístup k pohodliu zákazníkov a ich bezstarostnosti naozaj výnimočný.","No specific decision maker (owner, CEO, founder) name was found on the provided website pages. Reviews mention 'Pán bol veľmi ochotný' indicating a male contact person, but no name is given."
128709d6-e547-464d-a312-9666555e5497,https://autoferteam.sk/,"Autoservis Ružomberok | Pneuservis ➡️ AutoFerTeam","AutoFerTeam","","","Naozaj ma zaujalo, že v AutoFerTeam ponúkate náhradné auto, bicykel alebo kolobežku počas opravy – v dnešnej dobe je takýto proklientský prístup naozaj cenný.","Decision maker's name (Owner, CEO, Founder) not found on the website. A customer testimonial mentions 'majiteľ servisu', but no name is provided."
4e83eb53-f97c-44ee-b815-8ed7ebfd904e,https://www.automototechna.sk/,"Autoservis Piešťany - najlepšia starostlivosť pre vaše vozidlá","Automototechna","","","Naozaj ma zaujalo, že ste počas pandémie zaviedli rozsiahle bezpečnostné opatrenia vrátane ozónovej dezinfekcie vozidiel a pritom ste znížili cenu, s jasným odkazom, že vám nejde o zisk, ale o ochranu vašich mechanikov a zákazníkov – v dnešnej dobe je takýto prístup k zodpovednosti a starostlivosti mimoriadne cenný.","Decision maker's name (riaditeľ/owner) is not explicitly stated on the website."
ef1f7aec-4bed-4fc2-9541-01a1e655657e,https://www.autoservisaes.sk/,"Autoservis AES, s.r.o. Liptovský Mikuláš | Bosch Car Service ...","Autoservis AES","","","Naozaj ma zaujalo, že ste súčasťou siete Bosch Car Service – v dnešnej dobe je takýto záväzok ku kvalite a spoľahlivosti kľúčový.","Decision maker could not be identified as no website content was provided."
0a486550-d9bb-4571-95cf-7193fa50f9de,https://autocentrum18.sk/,"Autocentrum Route 18 – Na Váše auto tu čaká autoservis, pneuservis a ...","Autocentrum Route 18","","","Naozaj ma zaujalo, že ponúkate kompletné služby od autoservisu, cez pneuservis až po autoumyváreň na jednom mieste – v dnešnej dobe je takáto komplexnosť a úspora času pre zákazníka naozaj cenná.","Decision maker's name not explicitly stated on the provided website content. 'Patrik Strnádel' is credited for website creation, not as the business owner/CEO."
66572d3c-8c94-4f05-985e-f9160415cec4,http://www.lmservis.com/,"LM servis","LM servis","","","Naozaj ma zaujalo, že ponúkate profesionálnu strojovú výmenu oleja automatických prevodoviek s preplachom a použitím špičkových olejov Motul – v dnešnej dobe je takáto špecializovaná odbornosť a investícia do moderných technológií skutočne cenná.","No specific decision maker's name (Owner, CEO, Founder) found on the provided website content for LM servis or SEVYT s.r.o."
42e13eae-288d-4b08-94d3-93fcca4b0fa6,https://autobeetle.q-service.sk/,"Úvod | Q-SERVICE ® AUTOBEETLE SLOVAKIA s. r. o.","Autobeetle","","","Naozaj ma zaujalo, že Q-SERVICE sieť má viac ako 15 ročnú tradíciu a viac ako 85 servisných partnerov po celom Slovensku – v dnešnej dobe je to dôkazom stability a spoľahlivosti pre zákazníkov.","Decision maker's name not found on the provided website content."
c181392b-1355-4685-b248-15f255bd21cc,https://bjautoservis.eu/,"M4 Autoservis – Autoservis Bardejov","M4 Jajko","","","Naozaj ma zaujalo, že garantujete osobnú starostlivosť konateľa o vozidlo a máte tím 6 pravidelne školených mechanikov – v dnešnej dobe je takýto dôraz na odbornosť a transparentnosť skutočne cenný.","Decision maker's name (konateľ) is mentioned but not specified on the website."
a21c4455-1800-4268-84e1-862b072b0b20,https://bosch.autoservisbardejov.sk/,"Bosch Car Service, Autoservis, Pneuservis: AUTOGARÁŽ s.r.o. ...","AUTOGARÁŽ","","","Naozaj ma zaujalo, že ponúkate alternatívne riešenia pre majiteľov vozidiel s prvotriednou kvalitou a spoľahlivosťou za optimálne ceny, pričom garantujete zachovanie záruky v záručnej dobe – v dnešnej dobe je takýto prístup k zákazníkovi skutočne vzácny a buduje dôveru.","Decision maker's name not found on the website content provided."
695f9d93-79c5-4376-b78b-873f4bf7f3f6,https://www.skoda.s-autoservis.sk/pobocky/humenne,"Humenné","S-Autoservis","","","Naozaj ma zaujalo, že sa špecializujete na servis vozidiel Škoda – v dnešnej dobe je takáto odbornosť a zameranie na kvalitu veľmi cenné.","Website content was not provided, so decision maker and specific business facts could not be identified. The icebreaker sentence is a general compliment based on the company's apparent specialization derived from the domain name."
ceb8ee91-ab8b-40d9-ad69-75f9f1cc5e6d,https://www.autobazar.eu/predajca/s-autoservis-he/,"Predajca Š-Autoservis Vranov, s.r.o. prev. Humenné","Š-Autoservis","","","Naozaj ma zaujalo, že ste získali ocenenie „Profesionál“ a pôsobíte ako autorizovaný predajca – v dnešnej dobe je takáto dôveryhodnosť veľmi cenná.","Decision maker's name not found on the provided page. The official name listed is 'Omnicom Media Group, s.r.o.', but no individual names are associated with 'Š-Autoservis Vranov, s.r.o. prev. Humenné' on this profile."
f836e26d-bb0a-4f5b-abca-ec18f31df8b4,https://www.afesta.sk/,"Autocentrum AFESTA - Autocentrum AFESTA","AFESTA","","","Naozaj ma zaujalo, že už od roku 2008 poskytujete komplexné služby autoservisu, pneuservisu a umývacej linky pod jednou strechou – v dnešnej dobe je takáto spoľahlivosť a komplexný prístup naozaj cenný a svedčí o záväzku ku kvalite.","Decision maker's name not found on the provided website content."
4cbf9dff-22ed-45c3-976d-c1e6a460d5e8,https://www.orion.sk/,"ORION Autoservis Humenné | Autoservis Humenné, pneuservis ...","ORION","Dušan Demjan"," pán Demjan","Naozaj ma zaujalo, že ORION Humenné je na trhu už od roku 1991 – v dnešnej dobe je takáto dlhoročná tradícia a skúsenosti naozaj cenné.","Dušan Demjan je uvedený ako zodpovedný za predaj a poradenstvo pre vozidlá ISUZU, čo je kľúčová manažérska pozícia, ale nie je explicitne označený ako majiteľ alebo CEO. Je to najvyššie postavená menovaná kontaktná osoba s priamou zodpovednosťou."
2f931b0b-7298-4545-b066-6a34b7653a75,https://www.slovakiaservice.sk/,"SLOVAKIA SERVICE, s.r.o. – Autoservis Levice","Slovakia Service","Jakub","","Naozaj ma zaujalo, že ste od roku 2019 získali stovky dlhodobo spokojných zákazníkov – v dnešnej dobe je takáto lojalita a dôvera zákazníkov naozaj cenná.","Decision maker 'Jakub' identified from email address (jakub@slovakiaservice.sk), but no last name or specific title (Owner/CEO/Founder) is explicitly stated on the website."
c1b63733-31c8-4477-aa93-19f227917656,https://www.tire.sk/predajne/bestdrive-levice-kasarenska-ul-8/,"BestDrive Levice, Kasárenská ul.8","BestDrive Levice","Ing. Katarína Balážová"," pani Balážová","Naozaj ma zaujalo, že v BestDrive Levice ponúkate tak široký výber kvalitných pneuservisných a autoservisných služieb, vrátane možnosti objednať sa online – v dnešnej dobe je takýto komplexný a moderný prístup k zákazníkovi naozaj cenný.","Ing. Katarína Balážová je uvedená s telefónnym číslom na začiatku stránky, zatiaľ čo Jaroslav Daniš je explicitne 'Vedúci servisu'. Balážová sa javí ako všeobecnejší kontakt, prípadne na vyššej pozícii alebo zodpovedná za online prezentáciu, preto bola vybraná ako primárny rozhodovací činiteľ."
ba4a4570-ec7d-423a-8588-29d43546c8d8,https://www.autolinelv.sk/,"Autoline Levice: Úvod","Autoline Levice","","","Naozaj ma zaujalo, že ponúkate tak komplexné služby pre motoristov, od servisu cez umývanie až po kaviareň – v dnešnej dobe je takáto komplexnosť a orientácia na zákaznícky komfort naozaj cenná.","Decision maker's name not found on the provided website content."
7007f33d-fb57-429a-aea0-46f665a2f75f,https://bsautoservis.sk/,"Autoservis Levice - Za nadjazdom - BS Autoservis Levice","BS Autoservis","","","Naozaj ma zaujalo, že všetky služby poskytujete transparentne s jasnou cenou a priamou komunikáciou so zákazníkom – v dnešnej dobe je takýto prístup k zákazníkovi naozaj cenný.","No specific decision maker (owner, CEO, founder) could be identified on the provided website content. The compliment is directed at the company's practices."
725a4563-ff18-45bd-9367-fe2c02edfc6e,https://www.zlatestranky.sk/firmy/Kom%C3%A1rno/q_autoservis/1/,"Autoservis Komárno","A&V Autoservis","","","Naozaj ma zaujalo, že A&V Autoservis je etablovaným poskytovateľom autoservisných služieb v Komárne – v dnešnej dobe je nájsť spoľahlivého partnera pre starostlivosť o vozidlo naozaj cenné.","Decision maker's name (Owner/CEO/Founder) is not explicitly listed on the provided Zlaté stránky profile for A&V Autoservis."
fa7f7359-0721-4f3f-b67e-04d4ce2135da,https://ahojkomarno.sk/eurofix-rozsiruje-svoje-sluzby-osobne-auta-teraz-v-dobrych-rukach-aj-v-komarne/,"EUROFIX rozširuje svoje služby – osobné autá teraz v dobrých rukách ...","EUROFIX","","","Naozaj ma zaujalo, že každého zákazníka vnímate ako partnera, ktorého bezpečnosť a spokojnosť sú na prvom mieste – v dnešnej dobe je takýto zákaznícky orientovaný prístup skutočne cenný.","Decision maker's name is not mentioned in the provided website content."
2d9e84b2-09a3-4a7f-b5c1-ace6c4f5745c,https://www.autonorkn.com/,"Autoservis Komárno | Autonorkn.com, AUTONOR s.r.o. | Slovensko","Autonor","","","Naozaj ma zaujalo, že vždy odovzdávate len vopred odskúšané vozidlo a informujete zákazníkov o stave opravy – v dnešnej dobe je taká transparentnosť a dôvera mimoriadne cenná.","No specific decision maker (owner, CEO, founder) could be identified on the website content provided."
80bebf6a-b40c-425d-be10-c38582c49595,https://www.pxptrade.sk/,"Autoservis, pneuservis a autosúčiastky.","PXP Trade","","","Naozaj ma zaujalo, že aktívne odporúčate kratšie intervaly výmeny motorového oleja pre dlhšiu životnosť motora, namiesto predĺžených 30-tisícových intervalov – v dnešnej dobe je takýto proaktívny a zodpovedný prístup k dlhodobej starostlivosti o vozidlá mimoriadne cenný.","No specific decision maker (owner, CEO, founder) name found on the website. The company PXP Trade, s.r.o. operates as a BestDrive partner."
1a6c50d5-22e7-46b4-b533-4e731046e4f6,https://www.danzon.sk/,"Autocentrum Danzon - Nové Zámky","Danzon","","","Naozaj ma zaujalo, že v Autocentre Danzon pôsobíte s tradíciou už od roku 1997 – v dnešnej dobe je takáto dlhoročná história skutočným dôkazom kvality a spoľahlivosti.","No specific decision maker (owner, CEO, founder) could be identified from the provided website content."
f428f157-78d1-4c73-a9fa-4d8be6d4d59c,https://carway.sk/,"Autoservis a Pneuservis Nové Zámky","Carway","","","Naozaj ma zaujalo, že prevádzkujete najväčší pneu hotel v Nových Zámkoch s kapacitou 3000 ks – v dnešnej dobe je takýto dôraz na komplexnosť a pohodlie pre zákazníka skutočne cenný.","No specific decision maker (owner, CEO, founder) identified on the website content provided."
612da549-a462-4033-a3d5-a6f50549ae11,https://goldauto.sk/autoservis-pneuservis/,"Autoservis a pneuservis Gold Auto Michalovce","Gold Auto","","","Naozaj ma zaujalo, že zákazníci môžu osobne sledovať opravu svojho vozidla v bezpečnej vzdialenosti – v dnešnej dobe je takáto transparentnosť a dôvera mimoriadne cenná.","No specific owner, CEO, or founder's name found on the website. The legal entity is SONER s.r.o."
52c0a92b-5b8f-44a8-bf4d-1dc2fce50de6,https://www.autoservismichalovce.sk/,"BP AUTO Michalovce | Autoservis, pneuservis, predajňa olejov","BP AUTO","","","Naozaj ma zaujalo, že ponúkate najväčší výber olejov v regióne – v dnešnej dobe je takáto špecializácia a komplexnosť ponuky pre zákazníkov naozaj cenná.","Decision maker's name not found on the website content provided."
507d9b8e-8c47-4946-8aa1-b418d80483d2,https://www.s-autoservis.sk/pobocka/michalovce/,"Archívy Michalovce","S-Autoservis","","","Naozaj ma zaujalo, že ponúkate NON-STOP Mobil Servis a takú širokú škálu služieb – v dnešnej dobe je takýto komplexný a nepretržitý zákaznícky servis obzvlášť cenný.","No specific decision maker (Owner, CEO, Founder) found on the provided website content."
883e8c9b-9d3f-4103-9c38-bd3af90d51ab,https://autopartnermi.sk/,"Autodiely a autoservis Michalovce | Autopartner","Autopartner","","","Naozaj ma zaujalo, že ponúkate špičkovú diagnostiku TEXA a kalibráciu ADAS systémov – v dnešnej dobe je takáto technologická vyspelosť a precíznosť pre bezpečnosť a spoľahlivosť moderných vozidiel naozaj kľúčová.","Decision maker's name not found on the provided website content."
96b5a1e3-a1b6-4f23-bccb-f961c8e56124,http://www.autokodus.sk/,"Autoservis - AUTOKODUS s.r.o., Zvolen - autorizovaný BOSCH car ...","Autokodus","","","Naozaj ma zaujalo, že ste súčasťou celosvetovej siete partnerských autoservisov Bosch Car Service a spĺňate prísne technické a personálne predpoklady – v dnešnej dobe je to skutočne znakom kvality a spoľahlivosti.","Decision maker's name (Owner, CEO, Founder) was not found on the provided website content."
41aba493-83f1-4e4a-aece-64a2b9a861ad,https://www.lso.sk/kontakt/,"Autoservis LSO Zvolen kontakt","L.S.O. Autoservis","","","Naozaj ma zaujalo, že máte na stránke veľmi prehľadné informácie o otváracích hodinách a kontaktoch – v dnešnej dobe je to pre zákazníka skutočne cenné.","Decision maker's name not found on the provided website pages."
e00eee00-0478-4163-8035-bae11f14b61b,https://www.autoserviszvolen.sk/,"AutoservisZvolen.sk - U nás vozidlo neparkujete ale servisujete","AutoservisZvolen","","","Naozaj ma zaujalo, že v Autoservise Zvolen ponúkate zákazníkom bezplatnú dopravu domov/do práce alebo náhradné vozidlo počas servisu – v dnešnej dobe je takáto starostlivosť o zákazníka skutočne výnimočná.","No specific decision maker (owner, CEO, founder) could be identified on the provided website content."
c5814d6e-e7b3-4d20-b378-22126ad34a11,https://servislukus.sk/,"Autoservis Lukuš: Autoservis Poprad","Lukuš",""," pán Lukuš","Naozaj ma zaujalo, že okrem komplexného autoservisu ponúkate aj úpravy a výrobu áut pre motoršport – v dnešnej dobe je takáto špecializácia a vášeň pre autá naozaj výnimočná.","The website refers to 'p. Lukuša' and 'majiteľa' but does not provide a full first name for the decision maker."
772468c3-cffe-4744-8467-74b97c11b7de,https://www.autoservispp.sk/,"MKM Invest – Autoservis Poprad","MKM Invest","","","Naozaj ma zaujalo, že vaša cesta v autoservise začala už v roku 1995 a odvtedy neustále rozširujete svoje možnosti a kapacity – v dnešnej dobe je takáto dlhodobá vízia a rast skutočne obdivuhodné.","Decision maker's name not found on the website content provided."
c4420697-ec53-4671-aed3-9b89f9ecfa7f,https://www.prvytrencianskyautoservis.sk/,"PRVÝ TRENČIANSKY AUTOSERVIS","Prvý Trenčiansky Autoservis","","","Naozaj ma zaujalo, že sa venujete predaju jazdených vozidiel – v dnešnej dobe je spoľahlivosť a transparentnosť kľúčová.","Decision maker's name and gender could not be identified from the provided website content."
adfa8b4a-c38d-48b1-9855-1d0005a8d33b,http://www.autoservishavran.sk/,"Autoservis HAVRAN - opravy a servis vozidiel - pneuservis Trenčín","Autoservis HAVRAN","","","Naozaj ma zaujalo, že Autoservis HAVRAN kladie dôraz na profesionálne opravy a servis vozidiel – v dnešnej dobe je takýto prístup k službám skutočne cenný.","No decision maker (owner, CEO, founder) name found on the website content provided."
4da4c061-90bf-4dc4-bafc-ab6d765bf000,https://www.autodielnasihot.sk/,"Domov | Autoservis pneuservis klimatizácia Trenčín | Autodielňa ...","Autodielňa Sihoť","","","Naozaj ma zaujalo, že si zakladáte na individuálnom a zodpovednom prístupe ku každému zákazníkovi a zároveň garantujete férové a transparentné ceny – v dnešnej dobe je takáto kombinácia dôveryhodnosti a zamerania na klienta mimoriadne cenná.","No specific decision maker (Owner, CEO, Founder) name was found on the provided website content."
c160700d-c283-488b-b7ea-8f9d913a0cd0,http://www.jmauto.sk/kontakt/,"Kontakt - JM AUTO","JM Auto","","","Naozaj ma zaujalo, že máte nový web – v dnešnej dobe je dôležité mať modernú prezentáciu a uľahčiť zákazníkom prístup k informáciám.","No specific decision maker (Owner, CEO, Founder) or management name found on the provided contact page."
5b2e2130-413d-41ac-a248-5a264235a062,https://www.mikona.sk/predajne/mikona-martin-priekopska-32/?srsltid=AfmBOoqqMHaYV62QoabnvpSXhIEAkdWabJ-V5aa8G3RwuYDJ8BCNWdbP,"MIKONA Martin, Priekopská 32","Mikona Martin","Rudolf Bordáš"," pán Bordáš","Naozaj ma zaujalo, že Mikona Martin má tradíciu pneuservisu už od roku 1992 – v dnešnej dobe je takáto dlhoročná stabilita a skúsenosti naozaj cenné.","Rudolf Bordáš je vedúci servisu pre pobočku Martin, nie je jasné, či je to majiteľ/CEO celej siete Mikona."
f35e72d3-2898-441d-b1d4-e09bd5d5d136,https://www.autodrift.sk/,"Home - certifikovaný autoservis, autopožičovňa, autosúčiastky ...","Autodrift","","","Naozaj ma zaujalo, že ste na trhu už od roku 1995 a ponúkate tak komplexné služby 'všetko pod jednou strechou' – v dnešnej dobe je takáto dlhoročná skúsenosť a pohodlie pre zákazníka naozaj pridaná hodnota.","No specific decision maker (Owner, CEO, Founder) found on the provided website content."
bb22efc0-c5eb-440e-8455-933bb4f251e3,https://autotestsro.sk/,"Autotest s.r.o. - Autoservis, emisné kontroly Prešov","Autotest","","","Naozaj ma zaujalo, že Autotest s.r.o. sa už 26 rokov úspešne venuje autoservisu a emisným kontrolám – v dnešnej dobe je takáto dlhoročná stabilita a dôvera zákazníkov naozaj obdivuhodná.","No specific decision maker (Owner, CEO, Founder) identified in the provided content."
811143e7-9e10-44f9-886d-aaa8d12f9ba2,https://www.jafaservis.sk/,"JAFA: VÁŠ AUTOSERVIS A PNEUSERVIS V PREŠOVE","JAFA","","","Naozaj ma zaujalo, že v JAFA servise poskytujete komplexné servisné služby na jednom mieste – v dnešnej dobe je to pre zákazníkov veľmi cenné a praktické.","Decision maker's name not found on the website content provided."
c997df57-ef86-4c04-97b6-5f0e692b053e,http://www.eso-autoservis.sk/,"ESO Autoservis","ESO Autoservis","","","Naozaj ma zaujalo, že ponúkate „šťastnú kartu pre Vaše auto“ – v dnešnej dobe je takýto proklientsky prístup a snaha o nadštandardnú starostlivosť naozaj cenná.","Decision maker's name (Owner/CEO/Founder) could not be found on the provided website content. Only the invoicing company name (A T SERVIS, spol. s r.o.) is listed without individual names."
d6f3f5c2-61f2-48cb-ab3c-2f144f5cd161,http://www.kosickypneuservis.sk/,"Košický Pneuservis","Košický Pneuservis","","","Naozaj ma zaujalo, že poskytujete pneuservis služby – v dnešnej dobe je spoľahlivá údržba vozidiel kľúčová.","No website content was provided beyond the URL. Therefore, specific business facts and decision maker information could not be extracted. The icebreaker is a generic compliment based on the company name and industry."
0574c3a9-a5da-4ddb-9650-c844eb1ee4e9,https://tserviske.sk/,"T Servis (Autoservis) (Pneuservis)","T-Servis","","","Naozaj ma zaujalo, že sa môžete pochváliť viac ako 13 000 opravenými autami a 3 700 spokojnými zákazníkmi – v dnešnej dobe je to skutočne silný dôkaz vašej kvality a dôveryhodnosti.","No specific name for a decision maker (Owner, CEO, Director) was found on the website. Only roles like 'Prevádzkový riaditeľ' and 'Vedúci servisu' are mentioned without associated names."
d6843eee-47e9-440e-8b41-fe7b639fecc8,https://www.autoservis-remi.sk/,"AUTOREMI - autoservis a pneuservis","Autoremi","","","Naozaj ma zaujalo, že ste si už od roku 2014 vybudovali povesť poctivého a odborného servisu, na ktorý sa zákazníci môžu vždy spoľahnúť – v dnešnej dobe je takáto dôvera a dlhoročná tradícia mimoriadne cenná.","Decision maker's name (owner/CEO/founder) not found on the provided website content."
31a7ea42-3a31-496f-a9e3-8008ebc81bc0,https://www.peritos.sk/,"PERITOS, s.r.o.","Peritos","","","Naozaj ma zaujalo, že v Peritos ponúkate tak komplexné služby 'všetko na jednom mieste' – od autoservisu a pneuservisu až po odťahovú službu a prepravu strojov – v dnešnej dobe je takáto všestrannosť pre motoristov naozaj neoceniteľná.","Decision maker's name (owner, CEO, founder) not found on the provided website content. Only company details are available."
f9e2f657-ebd4-4092-a825-f4061a1df958,https://autoservis-bratislava.sk/,"AUTOSERVIS - PNEUSERVIS - Crash Car Service","Crash Car Lamač","","","Naozaj ma zaujalo, že máte viac ako 15 rokov skúseností a už 5000+ spokojných zákazníkov – v dnešnej dobe je to jasný dôkaz kvality a spoľahlivosti.","No individual owner/CEO/founder name mentioned on the website, only 'rodinná firma' and 'my'."
7c7185cc-c192-4eae-b5ee-b449cfa270b0,http://www.lv-servis.sk/,"LV SERVIS s.r.o.","LV Servis","","","Naozaj ma zaujalo, že ste poctivý pneuservis s tradíciou od roku 1999 a venujete sa detailom ako aplikácia medenej pasty – v dnešnej dobe je takáto dlhoročná skúsenosť a dôraz na kvalitu skutočne cenná.","Decision maker's name not found on the website content."
c78f9add-b5df-4e58-9a09-f33171f8eb90,http://aucar.sk/,"AuCar s.r.o. AUTOSERVIS, PNEUSERVIS, dodávky, úžitkové a osobné vozidlá.","AuCar","","","Naozaj ma zaujalo, že v AuCar vybavíte väčšinu opráv v priebehu jedného dňa, bez zbytočného čakania – v dnešnej dobe je takáto efektivita a orientácia na zákazníka naozaj cenná.","No specific decision maker's name (Owner, CEO, Founder) found on the provided website content."
3fb343d1-ba03-4f50-82f5-561ccaab70a1,https://www.pneudefekt.sk/,"Nonstop pneuservis Defekt-osobných a nákladných vozidiel","PneuDefekt","","","Naozaj ma zaujalo, že váš pneuservis je otvorený NON-STOP 24/7 a navyše prídete aj za zákazníkmi – v dnešnej dobe je takáto flexibilita a zákaznícky orientovaný prístup mimoriadne cenený.","No specific decision maker (owner, CEO, founder) name found on the website."
8e6c17f6-c7ea-47d7-b224-0e758ff879d8,https://mzcars.sk/,"MZ CARS - Auto-Pneuservis NON-STOP Bratislava","MZ CARS","","","Naozaj ma zaujalo, že MZ CARS poskytuje NON-STOP auto-pneuservis a asistenčné služby s výjazdmi po celom Slovensku aj v zahraničí – v dnešnej dobe je takáto komplexná dostupnosť a ochota pomôcť kedykoľvek naozaj výnimočná.","No individual decision maker name (owner, CEO, founder, doctor) found on the website content provided."
e42277bf-195e-4d54-b101-02738205a2af,https://nonstopservis9.webnode.sk/,"Autoservis","Autoservis Horecký","","","Naozaj ma zaujalo, že Autoservis Horecký kladie veľký dôraz na spokojnosť klientov a ponúka nadštandardné služby za štandardné ceny – v dnešnej dobe je takýto prístup k zákazníkom a férovosť naozaj cenná.","No specific decision maker (owner, CEO, founder) could be identified on the website."
6ff5d3cd-537f-4b03-90de-c61893fdaf52,http://moj-servis.sk/,"MôjServis-Kramare","MôjServis","","","Naozaj ma zaujalo, že sa riadite profesionálnym prístupom a zabezpečujete, aby práce vykonávali výhradne mechanici s dlhoročnými skúsenosťami – v dnešnej dobe je takýto záväzok ku kvalite naozaj cenný.","No explicit owner, CEO, or founder name found on the website content. The company is registered under 'Martian Logic s. r. o.', but no individual name is associated with its leadership."
a0829223-82b3-4db9-92e4-1fba2917e8bb,http://da-car.sk/,"Da-Car Pneuservice","Da-Car Pneuservis","","","Naozaj ma zaujalo, že Da-Car Pneuservis poskytuje služby odborníkmi na najmodernejších a pravidelne kalibrovaných strojoch s dôrazom na maximálnu bezpečnosť zákazníka – v dnešnej dobe je takáto profesionalita a zodpovednosť mimoriadne cenená.","No specific decision maker's name (owner, CEO, founder) was found on the provided website content."
934a4990-310e-4b85-9825-20618c305557,https://autoservis-nonstop.sk/,"SOS Autoservis","SOS Autoservis","","","Všimol som si, že vaša webstránka má momentálne technické problémy, no už len z názvu 'SOS Autoservis Nonstop' je jasné, že kladiete dôraz na rýchlu a nepretržitú pomoc, čo je v dnešnej dobe naozaj cenné.","Website is down (Fatal Error), so no decision maker or specific business facts could be extracted. Inferred company name and service focus from the domain and original name."
20de2860-b5d1-48bf-a319-ff9ebc1783f1,https://hall.sk/,"Autoservis HALL - predaj náhradných dielov, olejov, pneumatík","HALL","","","Naozaj ma zaujalo, že ponúkate odvoz a pick-up servis – v dnešnej dobe je takýto proklientsky prístup mimoriadne cenný.","No decision maker name (Owner, CEO, Founder) found on the website."
a2965620-c515-489f-93d5-fd52894a914e,https://www.finalcd.sk/kontakt/zilina/servis_vozidiel/,"Autoservis a pneuservis vozidiel Žilina","FinalCD Žilina","Eček Jaroslav"," pán Eček","Naozaj ma zaujalo, že vo FinalCD Žilina ponúkate všetky potrebné služby pre vozidlá pod jednou strechou, od servisu po lakovnícku dielňu – v dnešnej dobe je takáto komplexnosť a pohodlie pre zákazníka na nezaplatenie.","Jaroslav Eček je vedúci servisu a prijímací technik pre danú prevádzku, nie je však majiteľom ani CEO celej skupiny FINAL-CD. Je však najvyššie postavenou osobou uvedenou pre konkrétny autoservis v Žiline."
332d913b-e548-48cc-92fd-2425f56cfc2f,https://smotors.sk/kontakt/,"Kontaktujte nás – Smotors Nitra – Profesionálny autoservis","Smotors","","","Naozaj ma zaujalo, že v Smotors Nitra máte bohaté skúsenosti z oblasti motorsportu a úprav závodných áut – v dnešnej dobe je takáto špecializácia a know-how v bežnom autoservise skutočne výnimočná.","No specific decision maker (owner, CEO, founder) name found on the website."
c8b04026-96a2-434f-a42f-3887cc7a32f4,https://kosice-autoservis.sk/sk/kontakt,"Kontakt - Autoservis Košice - kompletný servis a pneuservis áut","Autoservis Košice","","","Naozaj ma zaujalo, že ponúkate sobotné otváracie hodiny na objednávku – v dnešnej dobe je takáto flexibilita pre zákazníkov naozaj cenná.","No decision maker name found on the contact page."
27c2daaa-f18e-4ffe-96c7-813b2a9c42f5,https://premio-autoleader.sk/,"Premio AutoLeader | pneuservis, autoservis, klimatizácie","Premio AutoLeader","","","Naozaj ma zaujalo, že v Premio AutoLeader kladiete taký veľký dôraz na komfort zákazníka, od online rezervácie termínu až po oddychovú zónu s WiFi a nápojmi – v dnešnej dobe je takýto ľudský a moderný prístup mimoriadne cenný.","Decision maker's name not found on the website."
b51cef87-0abd-452a-b561-37c1ca0046f4,https://motointegrator.com/sk/sk/autoservisy/kosice,"Najlepšie autoservisy z Košice Motointegrator","Motointegrator","","","","No website content was provided to extract a decision maker, business facts, or generate an icebreaker sentence. The company name 'Motointegrator' was inferred from the provided name and domain."
12762c52-3fc8-4acd-a9d1-d4fc10978805,https://www.eso-autoservis.sk/,"ESO Autoservis Košice, 3D geometria Hunter, pneuservis, diagnostika","ESO Autoservis","","","Naozaj ma zaujalo, že kladiete dôraz na zodpovedný prístup a kvalitnú prácu, čo vedie k množstvu spokojných zákazníkov – v dnešnej dobe je takýto záväzok k excelentnosti naozaj obdivuhodný.","No specific decision maker (owner, CEO, founder) name found on the website. The invoicing entity 'A T SERVIS, spol. s r.o.' is mentioned, but no individual."
c624073a-5861-485a-90a9-4fd5607ca8b2,https://hadvoservis.sk/,"Autoservis Bratislava ➡️ Komplexné služby už od roku 2007","Hadvoservis","","","Naozaj ma zaujalo, že v Hadvoservise kladiete dôraz na osobný a transparentný prístup k zákazníkom – v dnešnej dobe je takáto férovosť naozaj cenná.","Decision maker's name not found on the website content provided."
d757ce47-c532-4a6b-8ff3-8c6590e3e22f,https://arspneu.sk/pneuservis/ars-servis-trnava,"ARS servis Trnava","ARS servis Trnava","","","Naozaj ma zaujalo, že každý balík služieb zahŕňa aj umytie kolies, výmenu ventilov (okrem TPMS) a nové vyváženie kolies – v dnešnej dobe je takýto komplexný prístup a dôraz na detail naozaj cenný.","No individual decision maker (Owner, CEO, Founder) found on the provided website pages. The operator is A.R.S. spol. s.r.o."
997b7605-ee3e-47b2-943c-6d5f7048377a,https://auto-impex.sk/servis/trnava/,"Autoservis Trnava: Nissan, Iveco, Fiat, BYD","Auto-Impex","","","Naozaj ma zaujalo, že Auto-Impex pôsobí na slovenskom trhu už od roku 1991 ako rodinná spoločnosť s dôrazom na poctivosť a osobný prístup – v dnešnej dobe je takáto dlhodobá stabilita a zameranie na hodnoty naozaj vzácne.","No specific decision maker (owner, CEO, founder) name found on the provided pages. The company is described as a 'family company' but no individual names are mentioned."
5797ef92-0aa4-4820-9d49-a4000c3ad46a,https://www.realcar.sk/,"REAL CAR, s.r.o. Trnava | Bosch Car Service, Autoservis, Pneuservis","REAL CAR","","","Naozaj ma zaujalo, že aj napriek komplexnosti moderných áut si vaši klienti v REAL CAR môžu byť istí zachovaním záruky v záručnej dobe – v dnešnej dobe je to skutočne cenná istota a prejav profesionality.","Decision maker's full name, last name, and gender could not be identified from the provided website content. Only company details were available."
116d98d4-a854-4617-a135-0e4bcdff911d,https://auto-vojto.sk/,"AUTO VOJTO s.r.o. - Kompletný servis automobilov","Auto Vojto","","","Naozaj ma zaujalo, že prispôsobujete otváracie hodiny potrebám zákazníkov, obzvlášť počas sezóny prezúvania, aby nemuseli byť v strese – v dnešnej dobe je takáto flexibilita a zákaznícky orientovaný prístup naozaj výnimočný.","Decision maker's name (Owner, CEO, Founder) not found on the provided website content. The company name 'AUTO VOJTO' suggests a surname, but no individual is explicitly identified as the decision maker."
29dbd748-1c95-4904-a153-dbb4738142c9,https://www.servistomicars.sk/,"Autoservis, pneuservis - TomiCars s.r.o","TomiCars","","","Naozaj ma zaujalo, že príbeh TomiCars začal už v roku 2013 a od jedného zdviháka ste sa rozrástli na moderný servis s komplexnými službami – v dnešnej dobe je takáto vytrvalosť a progres naozaj inšpirujúca.","Decision maker's name (Konateľ) is not explicitly mentioned on the website."
c674722f-316e-49b9-893c-fb8db4badb35,https://rivaxpneuservis.sk/,"rivaxpneuservis","rivax","","","Naozaj ma zaujalo, že ponúkate NON-STOP autoservis a pneuservis, vrátane opravy auta na ceste – v dnešnej dobe je takáto nepretržitá pomoc v neočakávaných situáciách nesmierne cenná.","No specific decision maker (Owner, CEO, Doctor, Founder) could be identified from the provided website content. The compliment is therefore directed at the company's service rather than an individual."
48a2d47a-b749-4673-9f0b-11de43bc8002,https://www.carspot.sk/,"Car Spot s.r.o. Banská Bystrica | Bosch Car Service, Autoservis ...","Car Spot","","","Naozaj ma zaujalo, že ponúkate servis aj pre hybridné a elektrické vozidlá – v dnešnej dobe je takáto adaptácia na nové technológie veľmi pôsobivá a dôležitá.","Decision maker's name (Owner/CEO/Founder) was not found on the provided website pages."
61c02252-6b3f-404c-80a2-81e89b06ba88,https://www.msautoservis.sk/,"MS autoservis - Banská Bystrica","MS Autoservis","","","Naozaj ma zaujalo, že máte špeciálny prístup pre dámy a snažíte sa im odbúrať stres z autoservisu – v dnešnej dobe je takýto proklientský a empatický prístup naozaj cenný.","Decision maker's name not found on the website content provided."
f2503f70-9747-4aa5-b97f-f9a51d0f03cd,https://bbautoservis.sk/,"BB Autoservis - Autoservis Banská Bystrica","BB Autoservis","","","Naozaj ma zaujalo, že až 90% vozidiel opravíte v deň pristavenia do servisu – v dnešnej dobe je takáto efektivita a zameranie na zákazníka naozaj cenné.","No specific decision maker (Owner, CEO, Founder) name was found on the provided website content."
fe8d1134-26ab-4e03-920e-12d5f91378c3,https://motointegrator.com/sk/sk/autoservisy/zilina,"Najlepšie autoservisy z Žilina Motointegrator","Motointegrator","","","Naozaj ma zaujalo, že pomáhate zákazníkom nájsť tie najlepšie autoservisy v Žiline a zjednodušujete výber – v dnešnej dobe je transparentnosť a spoľahlivosť mimoriadne cenená.","No decision maker (Owner, CEO, Founder) could be identified from the provided website content, which was empty. The compliment is directed at the company, Motointegrator, and its service offering."
6ace9972-f85a-4c91-be85-03300ee557a1,https://autoservisstefanko.sk/,"Autoservis Štefanko Žilina – spoľahlivý servis vozidiel","Štefanko","","","Naozaj ma zaujalo, že Autoservis Štefanko pôsobí v Žiline už od roku 2001 – v dnešnej dobe je takáto dlhoročná skúsenosť a stabilita na trhu skutočne obdivuhodná.","No specific decision maker (owner, CEO, founder) name was found on the website content. The company name 'Štefanko' suggests a family name, but no individual is identified."
86d71bf4-90a5-48fb-9b20-e20065a0eb32,https://www.biga.sk/,"Biga.sk: Pneuservis, autoservis a STK Bratislava","Biga","","","Naozaj ma zaujalo, že v Biga Servis poskytujete kompletný full-service vrátane pneuservisu, autoservisu, STK, lakovne a klampiarskej dielne v jednom areáli – v dnešnej dobe je takáto komplexnosť a úspora času pre klientov mimoriadne cenná.","The website mentions 'Servis založili dvaja bratia', indicating founders, but no specific names of decision-makers (owners, CEO) are provided on the website."
801534ca-2fdc-432e-83c3-536ebd094867,http://www.autoservis-sabin.sk/,"Autoservis Sabin","Autoservis Sabin","","","Naozaj ma zaujalo, že ponúkate komplexné služby od počítačovej diagnostiky až po opravy motorov a pneuservis – v dnešnej dobe je takáto komplexná starostlivosť o vozidlo pod jednou strechou naozaj cenná.","No decision maker name found on the provided website content."
9ce21149-673f-4806-9e63-973e2cfa7f1e,https://www.pneuservis821.sk/,"Pneuservis821 | Autoservis, pneuservis, rýchloservis Bratislava - Ružinov","Pneuservis 821","Dário","","Naozaj ma zaujalo, že Pneuservis 821 má už vyše 15 rokov skúseností a kladie dôraz na ľudský a férový prístup – v dnešnej dobe je takáto kombinácia naozaj cenná.","Decision maker 'Dário' identified from a customer review stating 'U Dária mám auto servisované už niekoľko rokov', not explicitly stated by the company as owner/CEO. Last name not available."
fde58d9e-f9ec-4ddb-90e3-a506d55c2b4d,https://www.tvojautoservis.sk/,"Autoservis a pneuservis - Tvojautoservis.sk","Tvojautoservis","","","Naozaj ma zaujalo, že služby servisu automobilov poskytujete už od roku 1991 – v dnešnej dobe je to skutočne dôkaz dlhoročnej dôvery a spoľahlivosti.","No specific decision maker (owner, CEO, founder) name found on the provided content."
45c3fe22-82d1-4867-a4cf-ac7b73a8eaf6,http://www.kautoservis.sk/,"K Autoservis s.r.o. - Košice","K-Autoservis","","","Naozaj ma zaujalo, že v K-Autoservis ponúkate zabezpečenie vozidla VINPRINT – v dnešnej dobe je takáto proaktívna ochrana majetku vašich klientov naozaj cenná.","Decision maker's full name, last name, and gender could not be found on the provided website pages. No 'About Us' or 'Team' section was available."
7281e31f-c3fd-4c81-8f99-c035fc1ecfc1,https://kosice-autoservis.sk/,"Autoservis Košice - kompletný servis a pneuservis áut","Autoservis Košice","","","Naozaj ma zaujalo, že ponúkate mobilný servis nonstop 24/7/365 a dokonca aj prípravu auta na STK s odvozom vozidla – v dnešnej dobe je takáto komplexná a flexibilná starostlivosť o zákazníka skutočne výnimočná.","No specific decision maker's name (owner, CEO, founder) found on the provided website content. The company name K&K Services suggests multiple individuals or a partnership, but no names are listed."
953b1d4d-5684-46e5-a83a-3e2cce04c7b0,https://servisll.sk/,"Autoservis LL","Servis LL","","","Naozaj ma zaujalo, že vo vašom Servise LL slovo 'NEDÁ SA' u zákazníka nehľadajú a spokojnosť je na prvom mieste – v dnešnej dobe je takýto prístup k zákazníkovi naozaj osviežujúci a cenný.","Owner is clearly male based on 'malý chlapec' and 'otca' in the 'O nás' section, indicating a founder's story, but no specific name is provided on the website."
1aa8f2e1-9166-4de0-bd10-f7b88f3d5fd6,https://www.asteel.sk/,"Pneuservis a Autoservis Košice | Asteel.sk | Asteel.sk","Asteel","","","Naozaj ma zaujalo, že transparentne uvádzate rok výroby (DOT) pneumatík – v dnešnej dobe je takáto otvorenosť a budovanie dôvery voči zákazníkom veľmi cenné.","Decision maker's name (Owner, CEO, Founder) not found on the provided website content."
af82448d-ea42-4e91-9a0f-80b56c78c55d,https://autoserviskosice.sk/,"Autoservis H-point - Košice","H-point","","","Naozaj ma zaujalo, že H-point začínal ako malý rodinný autoservis a dnes poskytuje tak komplexné služby vrátane blokovej výnimky a nepretržitej asistenčnej služby – v dnešnej dobe je takáto kombinácia rodinnej tradície a moderného prístupu naozaj cenná.","Decision maker's full name (Owner, CEO, Founder) was not found on the provided website content."
dffdfdef-87d8-4dd8-9a45-30e60fd0e99c,https://www.biga.sk/autoservis/,"Autoservis Bratislava – servis všetkých značiek","Biga Servis","","","Naozaj ma zaujalo, že v Biga Servis garantujete skoré termíny aj počas najvyššej sezóny – v dnešnej dobe je takáto spoľahlivosť a zákaznícky servis naozaj cenný.","No decision maker's name (Owner, CEO, Doctor, Founder) found on the provided website content."
1214b56e-5967-4bbb-be0d-6127f5ee040e,https://goodboys.sk/,"Autoservis GOOD BOYS","Good Boys","","","Naozaj ma zaujalo, že ste autoservis Good Boys založili z vlastnej frustrácie s bežnými servismi a rozhodli ste sa to robiť inak, s prístupom 'terapie pre autá aj vodičov' – v dnešnej dobe je takýto proaktívny a ľudský prístup k zákazníkom naozaj obdivuhodný.","No specific decision maker (owner/CEO/founder) name was found on the provided website content. The 'o nás' section refers to 'my' (plural)."
64be7522-a4d2-42e0-9438-f761150f2bba,https://gtautoservis.sk/,"GT Autoservis: Autoservis Bratislava - Podunajské Biskupice","GT Autoservis","","","Naozaj ma zaujalo, že v GT Autoservis nielen pripravíte auto na STK/EK, ale v prípade potreby vybavíte aj samotnú návštevu stanice – v dnešnej dobe je to skutočná úspora času a komplexný servis pre zákazníka.","No specific decision maker (Owner, CEO, Founder) name found on the website content provided."
84d0ff90-05f3-4ea9-9c75-ae87afe2d3f3,https://www.autoservis-cam.sk/,"CAM autoservis Bratislava Pod.Biskupice: CAM s.r.o ...","CAM autoservis","","","Naozaj ma zaujalo, že kladiete dôraz na individuálny prístup k zákazníkovi a spríjemňujete mu čakanie kávou a WiFi – v dnešnej dobe je to príkladom skutočnej orientácie na potreby klienta.","No specific decision maker (Owner, CEO, Founder) name found on the website."
18587f03-003f-4807-bf6b-03adf6a984be,https://topautoservis.sk/,"Top Autoservis ☎️ | Autoservis zameraný na VW Group","TOP Autoservis","","","Naozaj ma zaujalo, že ako jedni z mála na Slovensku sa zaoberáte aj opravou mechatroniky (nie len výmenou) – v dnešnej dobe je takýto špecializovaný a komplexný prístup k servisným úkonom pre zákazníkov naozaj cenný.","No specific decision maker (owner, CEO, founder) identified on the website content provided."
b392af01-e5d3-448b-b9d8-59c9a964ac31,https://www.autoservisnonstop.eu/,"Autoservis Nonstop Bratislava, otvorené 24 denne, pomoc na ceste ...","Autoservis Nonstop","Miroslav","","Naozaj ma zaujalo, že ste k dispozícii klientom 24 hodín denne, 7 dní v týždni, 365 dní v roku – v dnešnej dobe je takáto nepretržitá dostupnosť a spoľahlivosť pre motoristov mimoriadne cenná.","Only 'Miroslav Vedúci servisu' (Service Manager) is identified by first name and role, not a specific owner/CEO title or last name. Miroslav is assumed to be the primary point of contact based on the 'Vedúci servisu' title."
c43a4b57-d891-4517-b0d7-8cf9f5709ed4,https://www.autoservis-bratislava.sk/,"Spoľahlivý a rýchly autoservis | Bratislava a okolie | Crash car service","Crash Car Lamač","","","Naozaj ma zaujalo, že ste rodinná firma s takým dôrazom na dôveru a pokoj pre zákazníka – v dnešnej dobe je takýto osobný prístup naozaj cenný.","No specific decision maker (owner, CEO, founder) could be identified on the provided website content. The company is referred to as a 'rodinná firma' (family business), but no individual names are mentioned."